City,Temperature,Humidity,Cloudiness,Wind Speed,Country,Date,Longitude,Latitude
mponela,16.65,95,21,1.72,MW,1643669418,33.7401,-13.5319
srivardhan,20.04,56,10,2.63,IN,1643669419,73.0167,18.0333
kytmanovo,-12.9,97,100,1.26,RU,1643669419,85.4479,53.4593
hofn,-0.48,88,96,3.8,IS,1643669420,-15.2082,64.2539
butaritari,27.39,79,93,5.82,KI,1643669421,172.7902,3.0707
khatanga,-33.83,100,47,1.24,RU,1643669421,102.5,71.9667
bafq,10.33,33,66,2.32,IR,1643669422,55.4107,31.6128
cabo san lucas,24.43,60,1,2.24,MX,1643669398,-109.9124,22.8909
ponta do sol,18.47,27,35,5.29,PT,1643669424,-17.1,32.6667
puerto ayora,24.19,92,63,0.89,EC,1643669424,-90.3518,-0.7393
katsuura,4.41,44,87,2.33,JP,1643669425,140.3,35.1333
kapaa,24.08,71,0,1.34,US,1643669426,-159.319,22.0752
nyurba,-35.14,100,98,0.8,RU,1643669427,118.3319,63.2842
dhule,18.97,35,0,2.64,IN,1643669428,74.7833,20.9
jamestown,-2.0,50,0,2.06,US,1643669142,-79.2353,42.097
souillac,27.21,74,75,8.75,MU,1643669429,57.5167,-20.5167
hilo,26.04,55,40,4.63,US,1643669430,-155.09,19.7297
praia da vitoria,15.14,88,75,8.03,PT,1643669431,-27.0667,38.7333
bengkulu,24.03,87,100,1.67,ID,1643669359,102.2655,-3.8004
punta arenas,8.06,81,40,14.4,CL,1643669432,-70.9167,-53.15
leningradskiy,-27.41,95,36,4.15,RU,1643669433,178.4167,69.3833
busselton,15.58,59,20,6.93,AU,1643669434,115.3333,-33.65
atuona,25.84,75,16,8.58,PF,1643669435,-139.0333,-9.8
bethel,-4.87,90,65,0.33,US,1643669242,-73.414,41.3712
narsaq,-5.63,92,100,2.34,GL,1643669436,-46.05,60.9167
georgetown,25.02,88,20,0.0,MY,1643669360,100.3354,5.4112
vao,25.38,85,100,4.3,NC,1643669437,167.4833,-22.6667
ribeira grande,15.56,74,15,6.77,PT,1643669438,-28.7,38.5167
albany,-7.18,57,7,0.62,US,1643669335,-73.9662,42.6001
hermanus,23.78,85,12,3.85,ZA,1643669439,19.2345,-34.4187
castro,18.54,87,9,1.61,BR,1643669440,-50.0119,-24.7911
nanortalik,-2.88,80,100,9.26,GL,1643669441,-45.2371,60.1432
lebu,15.22,72,0,8.04,CL,1643669290,-73.65,-37.6167
cocal,21.91,93,30,0.72,BR,1643669443,-49.35,-28.6167
new norfolk,24.66,56,25,0.89,AU,1643669444,147.0587,-42.7826
cidreira,23.24,84,28,3.11,BR,1643669445,-50.2056,-30.1811
norman wells,-14.98,72,75,7.2,CA,1643669446,-126.8329,65.282
benjamin aceval,36.08,16,0,2.71,PY,1643669447,-57.5667,-24.9667
los llanos de aridane,13.4,62,0,2.24,ES,1643669448,-17.9182,28.6585
murgab,1.93,75,0,2.06,TM,1643669449,61.9714,37.4966
mataura,23.04,54,63,0.96,NZ,1643669450,168.8643,-46.1927
dungarvan,9.21,97,98,5.81,IE,1643669450,-7.6253,52.0881
kahului,26.34,63,40,4.12,US,1643669451,-156.47,20.8947
jaleswar,12.01,70,0,0.56,NP,1643669452,85.8008,26.6471
bredasdorp,21.62,88,63,2.06,ZA,1643669314,20.0403,-34.5322
thompson,-16.91,78,100,3.6,CA,1643669454,-97.8558,55.7435
saint-philippe,25.77,80,98,6.36,RE,1643669455,55.7679,-21.3585
kokopo,27.61,75,98,3.39,PG,1643669456,152.2633,-4.352
irbil,3.9,87,0,1.03,IQ,1643669457,44.0106,36.1926
hithadhoo,27.89,74,22,4.18,MV,1643669458,73.0833,-0.6
nhamunda,24.16,91,49,1.35,BR,1643669459,-56.7131,-2.1861
bose,4.51,41,1,2.81,IT,1643669460,8.0137,45.4612
anadyr,-21.41,91,100,0.55,RU,1643669460,177.4833,64.75
mahebourg,27.16,74,75,8.75,MU,1643669461,57.7,-20.4081
haines junction,-23.03,59,94,0.51,CA,1643669462,-137.5108,60.7522
aksarka,-28.74,100,89,2.39,RU,1643669463,67.7975,66.5606
rikitea,25.39,66,68,1.65,PF,1643669313,-134.9692,-23.1203
trelew,27.01,14,28,6.27,AR,1643669464,-65.3051,-43.249
kodinsk,-19.92,99,97,0.78,RU,1643669464,99.1844,58.6881
henties bay,21.59,79,100,2.51,NA,1643669465,14.2845,-22.116
luis correia,29.0,84,20,3.6,BR,1643669418,-41.6669,-2.8792
nabire,24.5,86,100,0.8,ID,1643669467,135.4833,-3.3667
santa cruz,31.7,58,40,5.66,BO,1643669247,-63.1667,-17.8
coihaique,15.97,51,75,4.63,CL,1643669468,-72.0662,-45.5752
ilulissat,-12.99,66,100,9.26,GL,1643669230,-51.1,69.2167
carnarvon,25.04,78,0,5.14,AU,1643669458,113.6333,-24.8667
ahuimanu,25.47,62,0,1.79,US,1643669470,-157.8378,21.4447
quelimane,25.51,83,0,0.0,MZ,1643669470,36.8883,-17.8786
arkhangelsk,-8.94,92,40,3.0,RU,1643669471,40.5433,64.5401
bambous virieux,27.14,74,75,8.75,MU,1643669453,57.7575,-20.3428
dakar,22.07,83,99,4.12,SN,1643669232,-17.4441,14.6937
chongwe,16.79,97,14,1.22,ZM,1643669473,28.682,-15.3292
srednekolymsk,-25.97,93,100,1.77,RU,1643669474,153.6833,67.45
kavieng,27.16,79,100,3.77,PG,1643669475,150.7967,-2.5744
chamba,7.12,64,11,3.71,IN,1643669475,76.1333,32.5667
hasaki,-0.78,43,74,2.78,JP,1643669476,140.8333,35.7333
nizwa,18.78,46,0,1.46,OM,1643669477,57.5333,22.9333
vaini,29.09,79,40,3.6,TO,1643669478,-175.2,-21.2
dikson,-19.64,91,100,8.03,RU,1643669479,80.5464,73.5069
arraial do cabo,24.98,94,75,2.06,BR,1643669480,-42.0278,-22.9661
comodoro rivadavia,24.92,22,39,12.86,AR,1643669481,-67.5,-45.8667
ushuaia,5.81,81,40,14.4,AR,1643669481,-68.3,-54.8
englehart,-14.69,72,100,1.54,CA,1643669440,-79.8664,47.8169
pandakan,24.72,87,100,1.54,ID,1643669483,112.6875,-7.6527
karratha,28.57,78,90,4.24,AU,1643669484,116.8463,-20.7377
geraldton,20.23,64,8,6.17,AU,1643669484,114.6,-28.7667
minab,17.18,94,0,0.0,IR,1643669485,57.0801,27.1467
port-gentil,27.16,79,48,3.87,GA,1643669486,8.7815,-0.7193
vagamo,-11.6,96,81,1.26,NO,1643669486,9.0967,61.8751
avarua,23.03,94,75,3.6,CK,1643669315,-159.775,-21.2078
banda aceh,24.91,84,54,3.51,ID,1643669488,95.3222,5.5577
bluff,23.22,79,28,0.92,NZ,1643669489,168.3333,-46.6
disa,15.96,80,0,1.44,IN,1643669490,72.1667,24.25
berdigestyakh,-29.79,99,99,1.78,RU,1643669491,126.6992,62.0989
batagay,-32.61,98,100,0.87,RU,1643669491,134.6333,67.6333
taketa,-0.45,74,46,2.29,JP,1643669492,131.3785,32.9652
saldanha,21.03,70,16,2.57,ZA,1643669493,17.9442,-33.0117
lompoc,15.62,71,0,4.63,US,1643669486,-120.4579,34.6391
dzilam gonzalez,24.02,55,41,4.43,MX,1643669494,-88.9333,21.2833
nikolskoye,-4.36,96,100,2.27,RU,1643669495,30.7861,59.7035
barra patuca,23.67,67,32,2.66,HN,1643669495,-84.2833,15.8
wajid,23.53,70,41,6.73,SO,1643669384,43.2471,3.8093
maunabo,24.23,82,4,1.12,PR,1643669497,-65.8993,18.0072
bonavista,-3.0,70,63,6.84,CA,1643669497,-53.1147,48.6499
koprivnica,-1.35,93,90,1.09,HR,1643669498,16.8275,46.1628
leshukonskoye,-16.36,98,100,1.58,RU,1643669499,45.7622,64.8989
east london,24.99,78,100,1.05,ZA,1643669500,27.9116,-33.0153
hobart,24.98,66,20,5.66,AU,1643669501,147.3294,-42.8794
mumford,25.33,80,73,2.1,GH,1643669501,-0.759,5.2618
humaita,23.75,96,83,0.87,BR,1643669502,-63.0208,-7.5061
vilshofen,1.8,94,100,5.61,DE,1643669503,13.1833,48.6333
sulangan,26.68,80,39,5.09,PH,1643669504,123.7228,11.1373
maningrida,26.44,87,100,8.15,AU,1643669505,134.2667,-12.0667
upernavik,-28.78,99,92,2.86,GL,1643669506,-56.1549,72.7868
cape town,21.89,78,0,2.57,ZA,1643669402,18.4232,-33.9258
pevek,-26.08,95,100,0.55,RU,1643669508,170.3133,69.7008
abnub,9.91,73,5,2.45,EG,1643669508,31.1511,27.2696
huarmey,23.1,78,94,4.27,PE,1643669509,-78.1522,-10.0681
puerto ayacucho,34.88,33,60,2.81,VE,1643669510,-67.6236,5.6639
lavrentiya,-18.01,83,56,5.21,RU,1643669511,-171.0,65.5833
omsukchan,-20.43,97,100,3.19,RU,1643669511,155.8,62.5333
codrington,17.03,70,61,8.58,AU,1643669512,141.9667,-38.2667
berlevag,-4.83,80,95,4.03,NO,1643669514,29.0864,70.8578
quatre cocos,26.72,76,41,11.19,MU,1643669515,57.7625,-20.2078
aykhal,-32.93,100,92,2.25,RU,1643669515,111.5,66.0
auki,28.44,74,99,1.25,SB,1643669516,160.7034,-8.7676
eravur,25.28,69,81,3.73,LK,1643669517,81.6095,7.7733
santa rosa,25.67,75,59,5.9,PH,1643669517,121.1114,14.3122
mastic beach,-4.09,57,0,1.34,US,1643669518,-72.8521,40.7668
port hedland,28.03,89,100,2.06,AU,1643669519,118.5667,-20.3167
horodnya,-3.29,93,97,5.76,UA,1643669520,31.5974,51.8909
wilmington,8.0,70,16,1.69,US,1643669395,-77.9447,34.2257
constitucion,18.07,63,0,5.64,CL,1643669521,-72.4167,-35.3333
belaya gora,-26.69,94,100,0.81,RU,1643669522,146.4167,68.5333
melbu,-2.25,75,100,2.29,NO,1643669523,14.8297,68.5044
conde,25.7,89,0,2.57,BR,1643669523,-34.9075,-7.2597
port elizabeth,23.16,94,100,4.63,ZA,1643669459,25.5701,-33.918
vagay,-22.17,100,89,1.27,RU,1643669525,69.0217,57.9375
tiksi,-23.75,99,100,2.98,RU,1643669304,128.8694,71.6872
george town,25.02,88,20,0.0,MY,1643669360,100.3354,5.4112
kruisfontein,21.6,95,100,2.05,ZA,1643669241,24.7314,-34.0033
saskylakh,-33.75,100,88,0.97,RU,1643669376,114.0833,71.9167
douentza,22.33,16,44,3.0,ML,1643669527,-2.9517,14.9951
muros,10.41,74,6,7.05,ES,1643669528,-9.0603,42.7762
portland,7.81,78,100,0.45,US,1643669307,-122.6762,45.5234
aklavik,-16.0,72,75,6.17,CA,1643669530,-135.0107,68.2191
itupiranga,22.34,95,99,0.84,BR,1643669530,-49.3267,-5.1347
faanui,27.47,72,5,8.55,PF,1643669531,-151.75,-16.4833
tukrah,12.85,79,61,8.43,LY,1643669532,20.5791,32.5341
marrakesh,16.04,48,16,2.57,MA,1643669533,-8.0083,31.6315
purpe,-15.18,96,100,3.4,RU,1643669534,76.6897,64.4803
vestmannaeyjar,5.42,78,100,14.43,IS,1643669535,-20.2734,63.4427
mar del plata,18.26,55,0,3.13,AR,1643669287,-57.5575,-38.0023
ornskoldsvik,-10.47,92,100,3.6,SE,1643669536,18.7153,63.2909
barrow,-25.99,76,0,5.14,US,1643669536,-156.7887,71.2906
ewa beach,25.75,56,0,4.02,US,1643669537,-158.0072,21.3156
victoria,12.99,91,99,0.45,HK,1643669402,114.1577,22.2855
ninh binh,11.65,79,100,3.3,VN,1643669538,105.975,20.2539
alice springs,24.75,83,100,6.69,AU,1643669462,133.8833,-23.7
port alfred,24.01,95,100,2.45,ZA,1643669540,26.891,-33.5906
bonito,26.73,59,85,3.34,BR,1643669540,-56.4819,-21.1211
longyearbyen,-11.09,67,40,2.57,SJ,1643669541,15.6401,78.2186
strezhevoy,-14.01,96,100,3.18,RU,1643669542,77.5889,60.7333
laela,14.84,96,100,1.63,TZ,1643669543,32.05,-8.5667
sao filipe,23.59,70,100,3.46,CV,1643669543,-24.4956,14.8961
florida,15.48,71,0,2.06,US,1643669337,-82.5001,28.7505
skjervoy,-0.52,54,100,5.16,NO,1643669544,20.9714,70.0311
sawang daen din,18.99,82,14,4.63,TH,1643669545,103.4575,17.4753
lasa,-0.17,95,93,3.18,IT,1643669546,10.7002,46.6166
ust-kulom,-19.93,100,99,1.56,RU,1643669547,53.6902,61.6864
porto seguro,27.29,83,20,3.6,BR,1643669547,-39.0647,-16.4497
tuktoyaktuk,-27.0,69,75,1.54,CA,1643669376,-133.0374,69.4541
ambilobe,23.28,94,92,0.39,MG,1643669549,49.05,-13.2
tessalit,18.8,12,59,4.37,ML,1643669549,1.0114,20.1986
aborlan,25.72,87,94,2.98,PH,1643669550,118.5492,9.4352
matara,22.66,90,8,3.85,LK,1643669551,80.5353,5.9485
catanduva,25.16,90,100,1.35,BR,1643669551,-48.9728,-21.1378
guerrero negro,19.54,44,5,5.15,MX,1643669565,-114.0611,27.9769
le vauclin,23.15,88,0,1.03,MQ,1643669566,-60.8388,14.5452
cheyenne,7.9,18,0,13.38,US,1643669567,-104.8203,41.14
dzerzhinsk,-0.1,86,75,3.0,RU,1643669568,43.4631,56.2389
yellowknife,-22.36,78,20,4.12,CA,1643669518,-114.3525,62.456
valdivia,22.05,57,0,1.65,CL,1643669311,-73.2459,-39.8142
anjiang,2.95,100,100,1.23,CN,1643669570,110.1031,27.3194
oranjemund,19.6,83,0,2.57,NA,1643669571,16.4333,-28.55
cherskiy,-23.89,92,100,2.03,RU,1643669571,161.3,68.75
san cristobal,25.1,73,78,1.36,VE,1643669572,-72.225,7.7669
faya,12.29,80,3,2.91,SA,1643669573,42.4509,18.3851
port keats,27.29,81,64,10.43,AU,1643669574,129.55,-14.25
bubaque,25.35,70,90,7.46,GW,1643669574,-15.8333,11.2833
garango,24.03,13,24,5.4,BF,1643669575,-0.5506,11.8
qasigiannguit,-18.48,85,100,4.38,GL,1643669576,-51.1922,68.8193
fairbanks,-26.29,73,0,0.0,US,1643669356,-147.7164,64.8378
mindif,19.52,16,4,4.06,CM,1643669577,14.4363,10.3976
havre-saint-pierre,-11.57,67,75,7.72,CA,1643669578,-63.5986,50.2334
izhma,-18.02,98,100,2.05,RU,1643669578,53.9113,65.0083
nouadhibou,19.99,73,100,4.63,MR,1643669579,-17.0347,20.931
samarai,28.75,69,100,5.6,PG,1643669580,150.6667,-10.6167
rio cuarto,23.87,53,0,5.66,AR,1643669581,-64.3499,-33.1307
pisco,23.03,68,0,8.75,PE,1643669581,-76.2167,-13.7
bilibino,-12.95,70,100,2.25,RU,1643669582,166.4372,68.0546
bandarbeyla,24.65,77,57,6.83,SO,1643669583,50.8122,9.4942
taltal,19.78,71,3,2.94,CL,1643669584,-70.4833,-25.4
saint-georges,26.82,78,20,8.23,GD,1643669585,-61.7485,12.0564
den helder,4.74,75,75,7.15,NL,1643669585,4.7593,52.9599
mitu,24.99,62,100,0.23,CO,1643669586,-70.1733,1.1983
tuy hoa,22.99,90,38,2.58,VN,1643669587,109.3,13.0833
paamiut,-5.93,85,100,7.97,GL,1643669588,-49.6678,61.994
yangambi,21.28,75,73,1.22,CD,1643669589,24.4336,0.8102
haapiti,27.62,74,6,8.81,PF,1643669589,-149.8667,-17.5667
samana,24.98,78,9,4.08,DO,1643669591,-69.3369,19.2056
sorong,26.97,74,91,7.27,ID,1643669591,131.25,-0.8833
lucapa,18.97,96,100,0.99,AO,1643669592,20.7447,-8.4192
achkhoy-martan,-0.58,79,99,2.12,RU,1643669593,45.28,43.19
tartagal,24.58,65,97,4.23,AR,1643669594,-63.8013,-22.5164
bintulu,22.73,100,40,1.34,MY,1643669595,113.0333,3.1667
qaanaaq,-30.33,51,0,4.57,GL,1643669596,-69.3632,77.484
kapustin yar,0.04,91,100,4.43,RU,1643669596,45.7372,48.5831
qeshm,16.93,71,0,3.18,IR,1643669597,56.2719,26.9581
kavaratti,26.76,73,1,4.9,IN,1643669598,72.642,10.5669
talnakh,-14.33,95,100,3.91,RU,1643669526,88.3972,69.4865
la rioja,2.88,96,100,5.06,ES,1643669600,-2.5,42.25
akhty,0.99,46,13,3.14,RU,1643669601,47.7312,41.4597
verkhoshizhemye,-6.06,95,100,4.53,RU,1643669602,49.1038,58.011
flinders,27.41,77,11,2.68,AU,1643669602,150.8552,-34.5833
sampit,23.06,95,100,0.66,ID,1643669603,112.95,-2.5333
harper,26.34,82,33,2.86,LR,1643669604,-7.7169,4.375
hammond,-0.85,68,0,1.79,US,1643669370,-87.5,41.5834
rawson,25.52,22,49,5.19,AR,1643669605,-65.1023,-43.3002
boffa,23.26,90,93,1.47,GN,1643669606,-14.0333,10.1667
san patricio,19.02,84,97,2.79,US,1643669607,-97.5169,28.017
karpogory,-15.36,96,100,2.33,RU,1643669607,44.4451,64.0019
cuamba,19.85,97,6,0.69,MZ,1643669608,36.5372,-14.8031
litovko,-29.69,100,98,0.86,RU,1643669609,135.1742,49.2361
zhadovka,-0.4,95,100,6.73,RU,1643669609,46.9498,53.5746
beyneu,0.97,80,5,7.58,KZ,1643669611,55.2,45.3167
gravdal,-0.82,66,100,4.48,NO,1643669611,13.5031,68.1214
coquimbo,19.85,72,40,4.63,CL,1643669596,-71.3436,-29.9533
menomonie,-1.55,64,100,4.63,US,1643669382,-91.9193,44.8755
fountain,14.81,9,0,8.75,US,1643669614,-104.7008,38.6822
ancud,15.23,72,2,3.85,CL,1643669614,-73.8203,-41.8697
fortuna,10.51,71,0,2.24,US,1643669615,-124.1573,40.5982
sault sainte marie,-4.16,60,75,4.12,CA,1643669470,-84.3333,46.5168
wanning,21.25,91,94,0.75,CN,1643669617,110.3967,18.8003
high level,-18.94,71,75,2.57,CA,1643669617,-117.136,58.5169
marzuq,15.49,67,45,2.36,YE,1643669618,46.4667,14.4
tabory,-20.48,100,71,1.32,RU,1643669619,64.5495,58.5198
sobolevo,-5.46,98,99,2.11,RU,1643669620,31.8996,54.4299
mount gambier,17.95,55,75,8.75,AU,1643669620,140.7667,-37.8333
paita,28.31,76,100,4.89,PE,1643669621,-81.1144,-5.0892
kodiak,-1.27,69,100,2.06,US,1643669622,-152.4072,57.79
shingu,4.55,63,7,2.56,JP,1643669622,135.9833,33.7333
aloleng,24.33,73,2,4.06,PH,1643669623,119.7824,16.1307
bereda,6.1,96,44,2.72,ES,1643669624,-7.5406,43.2686
raton,16.34,4,0,9.26,US,1643669563,-104.4391,36.9034
punta alta,24.02,25,42,1.83,AR,1643669625,-62.0736,-38.8759
maragogi,26.47,76,8,3.56,BR,1643669626,-35.2225,-9.0122
chuy,18.38,61,31,5.15,UY,1643669376,-53.4616,-33.6971
sri aman,23.03,100,99,0.0,MY,1643669627,111.4621,1.2376
kuna,3.63,48,100,1.34,US,1643669628,-116.4201,43.4918
bumba,22.21,41,93,0.79,CD,1643669629,22.4667,2.1833
salekhard,-31.46,100,91,1.33,RU,1643669629,66.6019,66.53
bani walid,10.4,37,58,6.01,LY,1643669630,13.9942,31.7566
yambio,24.83,28,96,1.16,SS,1643669631,28.3955,4.5721
traralgon,28.01,63,9,3.71,AU,1643669632,146.5333,-38.1833
dhanaura,10.04,68,0,2.08,IN,1643669632,78.25,28.9667
ginir,14.27,17,100,1.65,ET,1643669633,40.7,7.1333
vila franca do campo,15.66,81,67,6.81,PT,1643669634,-25.4333,37.7167
umm kaddadah,13.25,25,21,6.51,SD,1643669635,26.6876,13.6017
veliko gradiste,1.19,78,100,1.05,RS,1643669636,21.5136,44.7567
lufilufi,30.44,73,99,5.19,WS,1643669637,-171.5986,-13.8745
tasiilaq,-18.35,98,99,2.06,GL,1643669638,-37.6368,65.6145
kamina,17.26,98,100,1.44,CD,1643669639,24.9906,-8.7386
iqaluit,-35.17,73,20,2.24,CA,1643669639,-68.5145,63.7506
san ramon,14.86,57,0,1.34,US,1643669603,-121.978,37.7799
vardo,-14.89,81,59,3.82,NO,1643669641,31.1107,70.3705
kropotkin,1.95,90,100,4.37,RU,1643669641,40.5756,45.4375
shawville,-9.57,97,79,1.38,CA,1643669642,-76.4827,45.6001
svetlogorsk,-3.77,92,100,5.25,BY,1643669643,29.7333,52.6333
shache,0.4,40,98,0.74,CN,1643669644,77.2406,38.4167
haimen,10.94,88,100,4.77,CN,1643669645,116.6142,23.1935
horsham,4.88,79,20,4.12,GB,1643669646,-0.3272,51.064
zhigansk,-35.08,99,88,3.25,RU,1643669646,123.3711,66.7697
najran,16.36,49,17,2.85,SA,1643669647,44.1277,17.4924
nueve de julio,17.39,56,27,2.61,AR,1643669648,-60.8831,-35.4444
lukulu,18.6,95,100,1.28,ZM,1643669648,23.242,-14.3707
chokurdakh,-25.34,94,100,0.88,RU,1643669649,147.9167,70.6333
caravelas,26.42,84,1,4.51,BR,1643669650,-39.2481,-17.7125
yoichi,-13.61,66,59,4.75,JP,1643669651,140.7703,43.2039
havoysund,-3.51,70,100,3.89,NO,1643669651,24.6622,70.9963
marawi,19.71,94,100,0.6,PH,1643669652,124.2928,7.9986
pangnirtung,-33.0,68,20,0.0,CA,1643669653,-65.7125,66.1451
goderich,-3.92,63,27,3.09,CA,1643669653,-81.7165,43.7501
pahrump,14.2,15,100,0.89,US,1643669545,-115.9839,36.2083
mezen,-12.9,96,100,2.03,RU,1643669655,44.24,65.8522
nemuro,-5.51,71,30,9.22,JP,1643669656,145.575,43.3236
vanimo,25.65,77,100,2.33,PG,1643669657,141.3028,-2.6741
uvarovo,-0.85,91,100,7.55,RU,1643669657,42.2615,51.9849
nagato,3.27,66,85,8.27,JP,1643669659,131.2,34.3833
mangochi,21.31,93,2,1.86,MW,1643669659,35.2645,-14.4782
tezu,11.93,90,100,1.33,IN,1643669660,96.1667,27.9167
cauquenes,25.28,28,0,3.98,CL,1643669661,-72.3225,-35.9671
bridgeton,-2.01,65,89,3.1,US,1643669662,-75.2341,39.4273
dingle,24.31,91,100,3.43,PH,1643669662,122.6711,10.9995
taoudenni,20.75,8,70,6.05,ML,1643669663,-3.9836,22.6783
kurilsk,-5.16,85,100,9.29,RU,1643669664,147.8833,45.2333
denpasar,26.51,83,40,2.57,ID,1643669587,115.2167,-8.65
torbay,0.11,74,75,6.17,CA,1643669665,-52.7314,47.6666
tuatapere,23.23,54,69,0.18,NZ,1643669666,167.6833,-46.1333
rio viejo,29.92,49,59,2.93,CO,1643669667,-73.839,8.5874
olafsvik,-2.53,87,86,12.34,IS,1643669668,-23.7142,64.8945
atar,26.72,13,100,4.14,MR,1643669668,-13.0499,20.5169
airai,17.56,81,82,2.15,TL,1643669669,125.4092,-8.9266
salalah,19.44,66,2,1.56,OM,1643669670,54.0924,17.0151
kalaleh,8.37,44,73,4.44,IR,1643669671,55.4916,37.3807
bilma,13.46,19,0,2.53,NE,1643669672,12.9164,18.6853
palmer,-5.97,53,20,1.54,US,1643669673,-72.3287,42.1584
ambanja,23.86,92,65,1.53,MG,1643669674,48.45,-13.6833
isangel,27.06,94,100,3.09,VU,1643669675,169.2667,-19.55
walvis bay,21.72,82,86,3.19,NA,1643669675,14.5053,-22.9575
ketchikan,3.26,87,100,0.0,US,1643669676,-131.6461,55.3422
nago,12.65,65,58,2.96,JP,1643669531,127.9761,26.5881
chivay,8.73,74,96,4.2,PE,1643669677,-71.6011,-15.6383
arpasu de jos,-2.01,83,100,0.35,RO,1643669678,24.6167,45.7833
tromso,-3.06,93,100,6.69,NO,1643669635,18.957,69.6496
hirara,17.15,67,75,4.63,JP,1643669679,125.2833,24.8
clarence town,25.79,64,14,1.59,AU,1643669680,151.7833,-32.5833
luderitz,18.8,86,8,2.19,NA,1643669681,15.1594,-26.6481
port hardy,5.1,81,75,4.12,CA,1643669682,-127.4199,50.6996
nishihara,15.6,67,75,4.12,JP,1643669682,127.7558,26.1842
ust-omchug,-24.65,99,92,3.11,RU,1643669684,149.6333,61.15
varna,-0.4,83,0,1.03,BG,1643669684,27.9167,43.2167
fukue,9.66,56,89,7.67,JP,1643669686,128.8419,32.6881
shakawe,18.14,95,71,2.02,BW,1643669686,21.85,-18.3667
tongliao,-20.12,86,19,3.54,CN,1643669398,122.2653,43.6125
shimoda,6.17,68,35,4.17,JP,1643669688,138.95,34.6667
sabha,9.76,45,0,3.59,LY,1643669606,14.4283,27.0377
zhuzhou,4.07,98,100,1.17,CN,1643669663,113.15,27.8333
san quintin,17.55,56,78,5.76,MX,1643669690,-115.95,30.4833
ban nahin,14.56,87,22,1.95,LA,1643669691,104.2122,18.2418
aleksandrovsk-sakhalinskiy,-13.68,96,100,4.44,RU,1643669692,142.1561,50.8975
port augusta,22.06,73,100,8.92,AU,1643669693,137.7667,-32.5
tougue,22.62,15,62,1.08,GN,1643669693,-11.6,11.4667
nacala,23.07,92,5,2.33,MZ,1643669694,40.6728,-14.5428
nakkila,-13.06,85,0,1.54,FI,1643669695,22.0,61.3667
deputatskiy,-32.51,100,58,1.51,RU,1643669695,139.9,69.3
menongue,18.2,57,100,1.53,AO,1643669696,17.691,-14.6585
savonlinna,-6.97,86,100,4.12,FI,1643669697,28.88,61.8699
morondava,25.77,78,0,1.35,MG,1643669698,44.2833,-20.2833
santa isabel do rio negro,26.92,71,100,1.4,BR,1643669698,-65.0192,-0.4139
klaksvik,8.51,87,100,15.61,FO,1643669699,-6.589,62.2266
ojinaga,20.55,26,0,2.57,MX,1643669699,-104.4167,29.5667
tecoanapa,27.97,60,0,5.39,MX,1643669700,-98.75,16.5167
nome,-8.96,45,0,5.14,US,1643669575,-165.4064,64.5011
lagoa,14.83,78,27,10.72,PT,1643669702,-27.9833,39.05
kaitangata,21.63,73,59,2.08,NZ,1643669702,169.8464,-46.2817
covington,2.68,62,65,0.8,US,1643669567,-84.5086,39.0837
trat,28.88,93,30,0.64,TH,1643669704,102.5,12.5
buala,28.77,71,97,1.83,SB,1643669704,159.5921,-8.145
baykit,-19.62,100,100,0.34,RU,1643669705,96.37,61.67
broken hill,22.84,78,40,1.54,AU,1643669706,141.4333,-31.95
lata,4.72,64,0,1.97,PT,1643669707,-8.3327,40.1629
belyy yar,-30.08,81,64,0.0,RU,1643669707,91.3903,53.6039
magan,9.55,61,5,3.66,ES,1643669708,-3.931,39.9683
chumikan,-20.91,87,76,6.35,RU,1643669709,135.315,54.7183
zhezkazgan,-17.76,98,88,2.48,KZ,1643669710,67.7144,47.8043
parsabad,5.94,48,29,4.37,IR,1643669711,47.9174,39.6482
yumen,-9.59,30,97,2.53,CN,1643669711,97.2,40.2833
akdepe,-2.95,77,7,4.49,TM,1643669712,59.3788,42.0551
emerald,28.08,65,59,4.63,AU,1643669684,148.1667,-23.5333
mirabad,11.74,33,0,2.24,AF,1643669714,61.8383,30.4362
skibbereen,8.89,84,78,9.27,IE,1643669715,-9.2667,51.55
macusani,3.79,90,98,0.84,PE,1643669715,-70.4333,-14.0833
opuwo,18.88,58,100,4.43,NA,1643669716,13.84,-18.0607
setermoen,-15.02,72,93,3.65,NO,1643669717,18.3486,68.861
xingyi,4.44,95,99,1.75,CN,1643669718,102.817,24.1877
tahe,-20.36,89,100,2.3,CN,1643669718,124.7333,52.3333
oil city,-3.7,50,0,3.6,US,1643669719,-79.7064,41.4339
yaan,24.47,16,34,2.59,NG,1643669721,8.5667,7.3833
cockburn town,23.26,71,99,10.19,TC,1643669721,-71.1419,21.4612
grand-santi,22.47,99,100,1.31,GF,1643669722,-54.3833,4.25
ola,-17.09,82,82,5.48,RU,1643669723,151.2833,59.5833
kamaishi,-6.47,54,4,1.48,JP,1643669723,141.8833,39.2667
necochea,18.35,49,71,1.5,AR,1643669526,-58.7368,-38.5473
impfondo,22.66,26,86,0.51,CG,1643669725,18.0667,1.6381
nekhayevskiy,0.85,85,100,8.04,RU,1643669725,41.7561,50.4106
grand gaube,26.88,69,44,4.02,MU,1643669601,57.6608,-20.0064
three hills,-13.06,56,98,11.83,CA,1643669727,-113.2686,51.7001
gat,10.16,100,59,4.18,IL,1643669522,34.7642,31.61
kedrovyy,-25.63,95,7,1.51,RU,1643669728,91.8167,56.1667
maceio,26.69,83,0,2.57,BR,1643669729,-35.7353,-9.6658
acarau,26.77,81,36,7.03,BR,1643669582,-40.12,-2.8856
ixtapa,24.57,78,0,3.13,MX,1643669730,-105.2,20.7
latehar,11.29,49,1,0.97,IN,1643669731,84.5,23.75
jales,21.85,89,100,2.3,BR,1643669732,-50.5458,-20.2689
nsanje,22.12,97,4,1.14,MW,1643669732,35.262,-16.92
miyako,-3.31,52,2,2.09,JP,1643669733,141.9525,39.6367
hauterive,3.33,92,79,3.0,FR,1643669734,3.4459,46.0901
calvinia,23.36,62,54,2.75,ZA,1643669734,19.776,-31.4707
tazovskiy,-16.64,97,100,2.42,RU,1643669735,78.7,67.4667
westport,-4.19,55,0,0.0,US,1643669508,-73.3579,41.1415
show low,12.46,24,0,3.09,US,1643669589,-110.0298,34.2542
olden,-1.49,96,100,2.55,NO,1643669737,6.8064,61.8364
kroya,24.0,89,100,0.85,ID,1643669738,109.2461,-7.6331
iberia,18.72,67,45,5.47,US,1643669470,-91.7507,29.9502
pacific grove,13.12,80,100,1.79,US,1643669739,-121.9166,36.6177
larsnes,-0.71,89,100,4.84,NO,1643669740,5.5773,62.2028
harlingen,25.25,55,65,4.86,US,1643669740,-97.6961,26.1906
bahia blanca,24.6,19,41,1.91,AR,1643669566,-62.2724,-38.7196
mathathane,22.45,59,3,2.36,BW,1643669742,28.7495,-22.2687
udachnyy,-37.49,100,85,1.5,RU,1643669742,112.4,66.4167
lorengau,25.5,90,100,4.82,PG,1643669743,147.2712,-2.0226
zarya,-1.3,98,100,2.18,RU,1643669744,38.0958,55.7553
poum,27.31,73,97,5.34,NC,1643669745,164.0167,-20.2333
batsfjord,-14.88,83,96,2.92,NO,1643669745,29.7185,70.6345
sangar,-38.87,100,97,0.26,RU,1643669746,127.4739,63.9242
sembakung,23.96,99,86,0.66,ID,1643669747,117.25,3.8167
petropavlovsk-kamchatskiy,-2.67,59,75,7.0,RU,1643669748,158.6483,53.0452
yamada,-3.53,52,3,1.39,JP,1643669748,141.95,39.4667
douglas,12.28,33,0,1.34,US,1643669661,-96.167,41.3
chase,3.73,73,17,1.8,CA,1643669599,-119.6857,50.8165
prince albert,-11.03,79,100,11.32,CA,1643669750,-105.7677,53.2001
pochutla,28.23,55,6,5.4,MX,1643669751,-96.4661,15.7432
gavle,-5.46,84,99,1.34,SE,1643669752,17.1417,60.6745
beringovskiy,-17.45,87,92,7.65,RU,1643669752,179.3167,63.05
minas,19.18,66,4,3.04,UY,1643669754,-55.2377,-34.3759
fereydun kenar,10.6,58,81,1.43,IR,1643669754,52.5225,36.6864
rio gallegos,12.03,54,100,14.92,AR,1643669755,-69.2181,-51.6226
meulaboh,24.63,87,32,1.06,ID,1643669756,96.1285,4.1363
broome,-7.53,71,8,0.45,US,1643669757,-75.833,42.2506
touros,27.5,72,57,5.93,BR,1643669758,-35.4608,-5.1989
chaiyo,25.0,94,11,2.91,TH,1643669759,100.4686,14.6764
gamba,25.31,86,90,2.34,GA,1643669760,10.0,-2.65
satun,24.02,96,22,1.41,TH,1643669761,100.0,6.8333
araguacu,22.64,94,100,0.93,BR,1643669761,-49.8264,-12.9306
sovetskiy,-18.23,98,99,0.94,RU,1643669762,63.5842,61.3614
uruguaiana,33.96,29,20,6.17,BR,1643669763,-57.0883,-29.7547
verkhoyansk,-34.74,100,100,0.42,RU,1643669763,133.385,67.5447
murakami,2.94,69,100,5.48,JP,1643669764,139.4833,38.2333
ust-maya,-26.32,99,100,0.67,RU,1643669765,134.5333,60.4167
moose factory,-18.01,60,0,3.6,CA,1643669766,-80.6094,51.2585
lircay,16.3,90,94,3.32,PE,1643669767,-74.7205,-12.9896
san pedro,25.4,77,20,1.54,PH,1643669768,121.0167,14.35
pemangkat,24.21,91,96,2.3,ID,1643669768,108.9667,1.1667
lerwick,5.0,97,100,9.47,GB,1643669769,-1.1494,60.1545
ust-nera,-23.11,99,100,1.45,RU,1643669770,143.2,64.5667
campbell river,5.9,61,20,3.09,CA,1643669770,-125.2446,50.0163
esperance,15.91,59,89,7.48,AU,1643669771,121.9,-33.8667
naze,9.51,64,61,2.93,JP,1643669772,129.4833,28.3667
prachuap khiri khan,19.63,96,19,1.41,TH,1643669773,99.75,12.2167
cururupu,24.65,92,99,1.56,BR,1643669774,-44.8683,-1.8283
pimenta bueno,21.56,99,100,0.62,BR,1643669774,-61.1936,-11.6725
chapais,-21.12,97,96,1.21,CA,1643669775,-74.8492,49.7834
pasighat,13.32,79,98,0.63,IN,1643669775,95.3333,28.0667
blytheville,14.96,58,96,2.65,US,1643669777,-89.919,35.9273
gushikawa,15.57,64,64,3.62,JP,1643669778,127.8686,26.3544
padang,25.03,88,62,1.42,ID,1643669778,100.3543,-0.9492
bielsk podlaski,-0.97,84,51,4.78,PL,1643669334,23.1865,52.7651
maniitsoq,-11.9,78,100,6.36,GL,1643669779,-52.9,65.4167
kalanwali,10.63,51,1,1.66,IN,1643669780,74.95,29.85
alekseyevsk,-18.38,99,100,1.27,RU,1643669781,108.3492,57.8406
ipueiras,24.55,49,33,2.65,BR,1643669782,-40.45,-7.0333
hobyo,25.3,81,58,5.94,SO,1643669783,48.5268,5.3505
steinbach,4.38,70,75,4.12,DE,1643669783,8.5667,50.1667
ishigaki,18.07,68,75,5.66,JP,1643669784,124.1572,24.3448
mitsamiouli,27.29,75,21,0.76,KM,1643669785,43.2844,-11.3847
lamar,15.93,77,100,8.23,US,1643669785,-95.5836,33.6668
camocim,26.6,82,32,6.29,BR,1643669786,-40.8411,-2.9022
provideniya,-12.94,61,40,9.0,RU,1643669787,-173.3,64.3833
brae,4.95,97,100,8.47,GB,1643669788,-1.353,60.3964
drayton valley,-16.16,85,100,4.83,CA,1643669788,-114.9854,53.2168
haicheng,-10.06,63,58,4.65,CN,1643669789,122.7475,40.8516
nhulunbuy,28.34,78,75,7.2,AU,1643669715,136.7667,-12.2333
alyangula,27.93,89,100,5.14,AU,1643669790,136.4192,-13.8483
komsomolskiy,-1.6,80,98,1.03,UZ,1643669791,71.7189,40.4272
robertsport,26.52,87,12,2.94,LR,1643669792,-11.3686,6.7533
kogon,0.02,100,0,2.06,UZ,1643669793,64.5517,39.7228
san policarpo,26.03,82,65,4.3,PH,1643669794,125.5072,12.1791
yenagoa,22.92,60,21,1.62,NG,1643669795,6.2642,4.9247
bang saphan,22.41,95,43,1.01,TH,1643669795,99.5117,11.2126
tocopilla,20.09,65,5,1.8,CL,1643669796,-70.1979,-22.092
port macquarie,28.27,69,10,0.67,AU,1643669797,152.9167,-31.4333
goba,10.07,40,91,1.92,ET,1643669798,39.9833,7.0167
la ronge,-13.86,72,100,8.75,CA,1643669799,-105.2842,55.1001
vinh long,23.99,87,65,1.94,VN,1643669799,105.9667,10.25
kondinskoye,-21.48,100,99,1.9,RU,1643669800,67.41,59.6481
camacha,15.68,88,40,9.26,PT,1643669801,-16.3333,33.0833
pangkalanbuun,23.07,91,100,0.92,ID,1643669801,111.6167,-2.6833
araouane,21.32,12,30,5.37,ML,1643669802,-3.5265,18.9048
zomin,1.53,55,7,0.88,UZ,1643669803,68.3958,39.9606
ulaangom,-32.97,92,78,1.27,MN,1643669804,92.0667,49.9811
fare,27.27,72,5,8.27,PF,1643669757,-151.0167,-16.7
lakes entrance,28.65,55,1,1.82,AU,1643669805,147.981,-37.8811
santiago del estero,31.05,30,48,0.94,AR,1643669806,-64.2615,-27.7951
nantucket,-4.86,65,68,3.32,US,1643669806,-70.0995,41.2835
friesoythe,3.6,82,100,6.25,DE,1643669807,7.85,53.0167
makakilo city,25.14,55,20,4.12,US,1643669808,-158.0858,21.3469
yulara,21.91,100,100,7.72,AU,1643669809,130.9889,-25.2406
mwinilunga,16.08,98,92,1.99,ZM,1643669674,24.4293,-11.7358
ensley,15.62,65,82,0.45,US,1643669810,-87.2728,30.5188
veinticinco de mayo,17.62,53,26,2.75,AR,1643669811,-60.1727,-35.4323
bathsheba,29.34,65,40,5.14,BB,1643669812,-59.5167,13.2167
cooma,17.87,100,75,2.57,AU,1643669813,149.1333,-36.2333
kerema,26.01,79,100,2.52,PG,1643669814,145.7785,-7.9631
quesnel,-1.72,80,100,1.03,CA,1643669815,-122.5029,52.9999
lively,-7.49,97,95,1.38,CA,1643669815,-81.1498,46.4334
severo-kurilsk,-1.75,76,100,8.95,RU,1643669816,156.125,50.6789
udankudi,24.28,83,8,3.97,IN,1643669817,78.0167,8.4333
north bend,7.91,94,100,4.12,US,1643669817,-124.2243,43.4065
sal rei,21.31,77,100,4.61,CV,1643669818,-22.9167,16.1833
saint george,14.5,18,0,1.34,US,1643669666,-113.5841,37.1041
borgarnes,3.14,94,100,4.38,IS,1643669819,-21.9206,64.5383
njinikom,17.43,27,8,1.38,CM,1643669820,10.2833,6.2333
jinxi,3.78,83,100,1.86,CN,1643669658,116.2922,30.4323
oistins,29.05,65,40,5.14,BB,1643669610,-59.5333,13.0667
inuvik,-18.57,81,75,3.6,CA,1643669822,-133.7218,68.3499
ulladulla,24.9,60,2,0.32,AU,1643669823,150.4667,-35.35
berbera,23.6,73,27,2.54,SO,1643669824,45.0143,10.4396
leon,25.64,50,1,9.6,MX,1643669824,-101.6667,21.1167
laguna,16.61,53,0,1.34,US,1643669825,-121.4238,38.421
te anau,21.51,48,87,0.91,NZ,1643669826,167.7167,-45.4167
saint-augustin,-16.68,97,82,2.45,CA,1643669827,-58.6502,51.226
clonakilty,8.56,85,72,8.76,IE,1643669828,-8.8706,51.6231
buluang,23.59,91,43,1.51,PH,1643669829,123.3425,13.3068
mahon,9.31,87,75,2.57,ES,1643669830,4.2658,39.8885
charlottesville,-0.27,69,42,0.45,US,1643669693,-78.4767,38.0293
samandag,8.19,87,77,2.73,TR,1643669831,35.9771,36.0842
vostok,-23.15,98,99,1.93,RU,1643669831,135.8833,46.4856
zihuatanejo,27.82,53,0,3.35,MX,1643669832,-101.55,17.6333
college,-23.84,73,0,0.0,US,1643669611,-147.8028,64.8569
hambantota,23.94,81,4,6.21,LK,1643669833,81.1185,6.1241
simao,6.8,93,0,1.3,CN,1643669834,100.9748,22.7886
weinan,-3.17,54,13,1.12,CN,1643669835,109.5089,34.5036
anzoategui,21.11,79,89,1.37,CO,1643669835,-75.0954,4.63
vuktyl,-21.71,100,51,1.26,RU,1643669836,57.3094,63.8567
lugazi,19.82,71,100,0.82,UG,1643669837,32.9197,0.3772
tura,13.16,60,31,1.86,IN,1643669838,90.2201,25.5198
teya,-22.13,100,87,1.56,RU,1643669838,92.6267,60.3778
hammerfest,-3.75,74,40,2.06,NO,1643669839,23.6821,70.6634
francistown,21.03,71,45,4.51,BW,1643669660,27.5079,-21.17
tadine,26.11,82,100,2.98,NC,1643669841,167.8833,-21.55
tambura,21.99,22,91,1.76,SS,1643669842,27.4667,5.6
mnogovershinnyy,-19.21,92,99,2.81,RU,1643669842,139.9242,53.9353
rocha,16.7,63,12,3.73,UY,1643669843,-54.3333,-34.4833
delitzsch,1.45,93,75,4.12,DE,1643669844,12.35,51.5333
oksfjord,-12.96,74,100,3.83,NO,1643669845,22.3479,70.2396
praya,21.3,88,0,5.66,CV,1643669845,-23.5087,14.9215
san luis,29.11,32,6,1.34,AR,1643669846,-66.3356,-33.295
qaqortoq,-5.06,84,99,6.52,GL,1643669847,-46.0333,60.7167
juneau,-4.84,88,94,1.65,US,1643669626,-134.4197,58.3019
yerbogachen,-23.79,100,97,1.0,RU,1643669848,108.0108,61.2767
tiznit,18.03,40,100,2.17,MA,1643669849,-9.5,29.5833
sola,26.61,83,100,8.7,VU,1643669850,167.55,-13.8833
jalu,12.38,64,48,3.78,LY,1643669851,21.5482,29.0331
asau,0.52,70,100,1.98,RO,1643669851,26.4,46.4333
mecca,16.28,65,22,4.08,SA,1643669852,39.8261,21.4267
eidfjord,-4.81,99,100,1.68,NO,1643669853,7.0719,60.4675
ponta delgada,15.4,72,75,3.6,PT,1643669854,-25.6667,37.7333
acari,23.62,71,100,3.42,PE,1643669854,-74.6158,-15.4311
sitka,2.07,96,96,1.14,US,1643669855,-135.33,57.0531
adrar,23.1,14,100,4.8,MR,1643669856,-10.0711,20.5022
loreto,23.3,17,92,11.21,MX,1643669857,-101.9667,22.2667
jacareacanga,23.35,97,93,0.35,BR,1643669857,-57.7528,-6.2222
sijunjung,21.35,97,78,0.63,ID,1643669858,100.9537,-0.6876
teguldet,-20.72,99,72,1.52,RU,1643669859,88.1667,57.3064
noshiro,-4.48,63,100,2.34,JP,1643669860,140.0242,40.2039
mount isa,27.87,83,95,4.63,AU,1643669860,139.5,-20.7333
miedzychod,1.01,88,50,2.44,PL,1643669861,15.897,52.5988
unai,22.24,90,97,0.88,BR,1643669863,-46.9061,-16.3575
millerovo,-0.9,89,100,6.6,RU,1643669864,40.3967,48.9226
fuling,4.59,82,36,1.48,CN,1643669864,107.3919,29.7022
arlit,13.14,20,0,2.26,NE,1643669866,7.3853,18.7369
sioux lookout,-4.96,74,100,5.14,CA,1643669632,-91.917,50.1001
rundu,18.98,94,98,3.66,NA,1643669867,19.7667,-17.9333
dourbali,18.04,14,0,6.06,TD,1643669868,15.8632,11.8091
miquelon,-1.0,61,100,9.95,PM,1643669869,-56.3814,47.0975
vermillion,9.4,37,100,7.26,US,1643669869,-96.9292,42.7794
kayunga,19.76,71,100,0.8,UG,1643669870,32.8886,0.7025
wilkie,-16.17,87,100,11.19,CA,1643669871,-108.7014,52.4168
saubara,27.98,80,0,3.85,BR,1643669871,-38.7686,-12.7375
leh,-13.68,96,100,1.46,IN,1643669872,77.5833,34.1667
mahanoro,24.12,86,78,2.57,MG,1643669873,48.8,-19.9
tagusao,25.56,85,11,2.14,PH,1643669874,117.8141,9.1924
grimshaw,-17.22,55,40,5.66,CA,1643669874,-117.6027,56.1834
verkhnevilyuysk,-34.62,100,96,1.45,RU,1643669875,120.3167,63.4453
concepcion del oro,16.26,14,0,8.17,MX,1643669876,-101.4167,24.6333
vysokogornyy,-23.98,99,86,2.02,RU,1643669877,139.15,50.1167
